"","ID","exponential","spherical"
"1","1",1.72082358073957,1.69008369668637
"2","3",2.92386458626779,2.87281064104463
"3","6",2.23262721547405,2.16777301979382
"4","9",2.86673850849587,2.82297507180592
"5","12",2.81604998954771,2.76338814481828
"6","overall_RMSE",3.0653,3.02826
